alpha_a,alpha_b,chi2,p_value
0.1,0.45,0.22364560951888116,0.6362760765937363
0.45,1.0,20.875610219827543,4.900953604826949e-06
0.1,1.0,16.331237083020504,5.3180073708555815e-05
